uid,jid,sem_sim
REC_01502,JD_1328,0.2508854336208775
REC_02587,JD_0328,0.38936495240908797
REC_02654,JD_0549,0.06192183135033842
REC_01056,JD_0097,0.0058211168513956635
REC_00706,JD_0018,0.03807635420876396
